contract-id,none-sat,none-unsat,none-unknown,linear-sat,linear-unsat,linear-unknown,linearExhaustive-sat,linearExhaustive-unsat,linearExhaustive-unknown
0x007d42b9192b8C087b0D3E6ef73AAE48E74b41c1.json.smt,0,0,5,0,0,5,0,0,0
0x0096800019bf4eca0bed5a714a553ecf844884c5.json.smt,0,0,18,0,0,18,0,0,0
0x015A06a433353f8db634dF4eDdF0C109882A15AB.json.smt,0,0,3,0,0,0,3,0,0
0x01914e9c0594a087f508aceabfca45f57e471388.json.smt,0,0,2,0,0,0,0,0,0
0x019d7e5ae8d2ba9a292244311dc7355058ab1b08.json.smt,0,0,2,2,0,0,2,0,0
0x01afc37f4f85babc47c0e2d0eababc7fb49793c8.json.smt,0,0,5,2,0,0,2,0,0
0x01d04122aeccab138a47103b500f7b3d3b356a27.json.smt,0,0,1,0,0,0,0,1,0
0x02268047f5c77a6a533619773474d1a6e510443f.json.smt,0,0,1,1,0,0,1,0,0
0x022de2e28a61f9d197f8966dd0fc8f7ddf70f2dc.json.smt,0,0,3,3,0,0,3,0,0
0x022f41a91cb30d6a20ffcfde3f84be6c1fa70d60.json.smt,0,0,1,0,0,0,0,1,0
0x02B2101903eB6a51518E63e84B785180859FDa9d.json.smt,0,0,4,0,0,4,0,4,0
0x02e01e9a73ed2cb24b32628c935256e455b0a078.json.smt,0,0,2,0,0,0,0,2,0
0x0318179601a70085aeb488f178b081295b65ecc9.json.smt,0,0,2,0,2,0,0,2,0
0x032747313c4e914b5fce356ab8dc4df551972dcd.json.smt,0,0,3,0,3,0,0,3,0
0x0389a06b028526b05966c287370bebefa0082176.json.smt,0,0,2,0,2,0,0,2,0
0x0444f06a52320af2df7e60d1923080002838ce93.json.smt,0,0,2,0,0,0,0,0,0
0x062524205ca7ecf27f4a851edec93c7ad72f427b.json.smt,0,0,3,0,0,3,0,3,0
0x06Bb6701983E126f31a4C20d6bECB12dfD70709E.json.smt,0,0,3,3,0,0,3,0,0
0x0807a2d6a675e7196a3d9b1910700cae9795b72a.json.smt,0,0,4,0,0,4,0,0,4
0x09515Cb5e3aCaEf239Ab83d78B2F3e3764FcaB9B.json.smt,0,0,3,0,0,0,0,0,0
0x09F0aaABe4Df881797698aF29477A65AC9A302d1.json.smt,0,0,4,0,0,4,0,0,0
0x0b983fa1bcbdf24bdbfacb660faa76c586a16c64.json.smt,0,0,3,3,0,0,3,0,0
0x0c7b8eedd028f3730e7b0f3dc032e916302f09b4.json.smt,0,0,1,0,1,0,0,1,0
0x0d47d4aea9da60953fd4ae5c47d2165977c7fbea.json.smt,0,0,3,0,0,0,3,0,0
0x0e08f0daee46e772eee7999c5b6d7d0401d8d72b.json.smt,0,0,2,0,2,0,0,2,0
0x0e0e733dd24168d85ecb5a62bb13385d31edf761.json.smt,0,0,6,6,0,0,6,0,0
0x0e7100e836150589b2be7030523d23c86a2093b5.json.smt,0,0,2,0,2,0,0,2,0
0x0f26c26318872e8fa85dee5d30cba45ed53b3d3e.json.smt,0,0,4,0,0,4,0,4,0
0x111cc94a5dabdf192c5106fadc844a98b0f56be0.json.smt,0,0,5,5,0,0,5,0,0
0x1213c29b5e1a6f33e0d044f850a57b665e3cde21.json.smt,0,0,4,0,0,4,0,4,0
0x121d30ecf48b11edd651249a3a110f48d42ba710.json.smt,0,0,1,0,1,0,0,1,0
0x125c0260feec92471d1a144f3cdce185a565f374.json.smt,0,0,6,0,0,0,0,0,0
0x1368e088682b3ea455c4856297365542ca6828d8.json.smt,0,0,3,0,0,0,0,0,0
0x142eba6cd4e1977fba4a440c882ee460654d1766.json.smt,0,0,2,2,0,0,2,0,0
0x143E8bD26D95b230680C25300F93eF56F86eCCAC.json.smt,0,0,2,0,0,2,0,2,0
0x1492cdd605d91658f228eab14d8444b60e6da8df.json.smt,0,0,4,0,0,4,0,4,0
0x14ba17c52e4c2ccbb95de1d2bfff002398f515a7.json.smt,0,0,6,6,0,0,6,0,0
0x1567e891929f55a2bd89fd27f788af31d2761217.json.smt,0,0,8,0,0,8,0,0,0
0x15870addc0635dc3c99ba6a37c23e8f8f77d9898.json.smt,0,0,6,6,0,0,6,0,0
0x15dbdB25f870f21eaf9105e68e249E0426DaE916.json.smt,0,0,8,0,0,0,0,0,0
0x15e745a2e3b677ec6421291b212d3917b3738dee.json.smt,0,0,3,0,3,0,0,3,0
0x160fc84c8c5d46561b01d38eb7d44671f3eed4ca.json.smt,0,0,2,0,2,0,0,2,0
0x1654d540616bfb3f13973ed6019e43005be43219.json.smt,0,0,2,2,0,0,2,0,0
0x16A4ff536001405f2B0d7ddAfC79f6A10D024640.json.smt,0,0,1,0,1,0,0,1,0
0x17f8e4bd5a79f095d7b680317de6a617d202b235.json.smt,0,0,22,0,0,0,0,0,0
0x18429dedafbb65443edf60402294df5c01aee1da.json.smt,0,0,6,0,0,0,0,0,0
0x19a6067538c90973eF5dC31Ded5Fa567f3d09059.json.smt,0,0,3,0,0,3,0,3,0
0x1F36f2249eC89266Ad4EE4351538148aaEBc72e8.json.smt,0,0,11,0,0,11,0,11,0
0x1a135adbf33cb363c4b6c609409522ecd5d0aa29.json.smt,0,0,5,0,0,5,0,5,0
0x1aFd952269873FE009C7BDFF5f07Fd91605a7227.json.smt,0,0,4,0,0,4,0,4,0
0x1b27996479b11abc8a8d0447deb3fb0183788484.json.smt,0,0,3,3,0,0,3,0,0
0x1b725d9bcbd26765fe4836d850631037dfb37e0a.json.smt,0,0,1,1,0,0,1,0,0
0x1c3e274a4ecf4fc0afdefbe53bd1d36f63c7124a.json.smt,0,0,6,6,0,0,6,0,0
0x1c4112b81a5bfb3288573c8d5b8fecc8504ac59d.json.smt,0,0,9,0,0,0,0,0,0
0x1c94f41ab9cd8faa8af45ae7827bf5a8f891f4cd.json.smt,0,0,2,0,2,0,0,0,0
0x1c98757e3b2199df438553892a678a74187b55b1.json.smt,0,0,1,0,1,0,0,1,0
0x1ca4a86bba124426507d1ef67ad271cc5a02820a.json.smt,0,0,4,4,0,0,4,0,0
0x1cb0c1cba5193ec5e0303d46a83a7109629046b6.json.smt,0,0,6,6,0,0,6,0,0
0x1d77340D3819007BbfD7fdD37C22BD3b5c311350.json.smt,0,0,9,0,0,0,0,0,0
0x1d9e61248f88dc60889bb269fcf2244827f3a682.json.smt,0,0,8,0,0,8,0,0,8
0x1dea4cA1Ca2A2c946B233a227883ef6846CF17d5.json.smt,0,0,1,1,0,0,1,0,0
0x1e143b2588705dfea63a17f2032ca123df995ce0.json.smt,0,0,4,0,4,0,0,4,0
0x1e2e3cc6ce2e87a9aa1684e948e41a17c5ac3ecc.json.smt,0,0,6,6,0,0,6,0,0
0x1e4a14f2ab0563005b392be6c590843019a1809c.json.smt,0,0,3,2,0,1,3,0,0
0x1e797Ce986C3CFF4472F7D38d5C4aba55DfEFE40.json.smt,0,0,5,0,0,0,0,0,0
0x1ea51f9d4b69745a25b06bf18f8461740322940a.json.smt,0,0,2,0,2,0,0,2,0
0x1f0b9Db5bb0F2a60F8C8824CEc738C15805dBDec.json.smt,0,0,3,0,0,0,0,0,0
0x2071f61de93ca756f83264a7f4a661ca0383742e.json.smt,0,0,6,6,0,0,6,0,0
0x217d02629cf1d2977423060c4d7c9d1adb400e23.json.smt,0,0,4,0,0,3,0,0,0
0x23141df767233776f7cbbec497800ddedaa4c684.json.smt,0,0,1,0,1,0,0,1,0
0x233820087a752349ee20daab1c18e0b7c546d3f6.json.smt,0,0,2,0,2,0,0,2,0
0x237f29bbFd52C768A02980eA8D4D983a1D234eDC.json.smt,0,0,4,0,0,4,0,4,0
0x24ec083b6a022099003e3d035fed48b9a58296e5.json.smt,0,0,5,0,0,0,0,5,0
0x258d778e4771893758dfd3e7dd1678229320eeb5.json.smt,0,0,2,0,0,0,0,2,0
0x260972db3571a4297b9e0cfa237eabbc9c6e35ce.json.smt,0,0,5,0,4,0,0,5,0
0x26C4E381FfbDc825Be9B986c3BA40525f0771E8d.json.smt,0,0,4,0,0,4,0,0,0
0x273930d21e01ee25e4c219b63259d214872220a2.json.smt,0,0,2,0,0,0,0,0,0
0x275498d1fb7ffb5b521f89b23c84224af9f96ea6.json.smt,0,0,2,0,0,0,0,0,0
0x276c5c6ca8507ed7bac085fc9b9521f4f54b58d3.json.smt,0,0,1,0,1,0,0,1,0
0x27c3defefe0b978e0a3d1a393eca34b60e25e964.json.smt,0,0,6,6,0,0,6,0,0
0x291fe86f31500adf910accd02e57c702fe9d0ec3.json.smt,0,0,6,6,0,0,6,0,0
0x294308484f47ff5a833a284ac6949eb02728fbe4.json.smt,0,0,3,0,0,3,0,0,0
0x29e6495732f0550d7d074770ca5a1071b044a2ef.json.smt,0,0,6,6,0,0,6,0,0
0x2AbF00B596f4cB10384654DCD76253B3140d35Ff.json.smt,0,0,2,0,0,0,0,0,0
0x2a106e06cd26fad93f732daa4218fce4eac6d6d8.json.smt,0,0,3,0,0,0,0,0,0
0x2a28cc275b458019910e3b8b8ee58f17eb6d38c8.json.smt,0,0,3,0,0,0,0,0,0
0x2a3967d9b88c11612503d45411c7d07a13554250.json.smt,0,0,15,0,0,15,0,0,0
0x2a53F42aD8BbA138C21b50a4e5711f18381A61E9.json.smt,0,0,2,0,0,0,0,2,0
0x2a650356bd894370cc1d6aba71b36c0ad6b3dc18.json.smt,0,0,4,0,0,4,4,0,0
0x2bcca955c9200c9a5f888bc2b14b91aaa56cd5c5.json.smt,0,0,13,0,0,13,13,0,0
0x2c875e5ea4706b1978a41b59edf2d3af31d60e70.json.smt,0,0,3,0,2,0,0,2,0
0x2dc0170450e66af2d3f5c56aa0b20ec4a254902e.json.smt,0,0,6,0,0,0,0,0,0
0x2e1cff135ca6bbc0012a01fa246a0a39aeb10d2d.json.smt,0,0,5,4,0,0,4,0,0
0x2ef76694fBfD691141d83F921A5ba710525De9B0.json.smt,0,0,3,0,0,3,3,0,0
0x2f5cd5d797ec8868a5aaefd784ed2c5bc46a1a47.json.smt,0,0,4,0,0,4,0,4,0
0x2f67e755b43c46b065d30429bb7d05949b84098c.json.smt,0,0,2,0,2,0,0,2,0
0x2f81a082e11ee3ab3b063bb9605affc8e3121926.json.smt,0,0,2,0,2,0,0,2,0
0x2ff2a65b0a324c04747bfdc63f4bf525d43e5c62.json.smt,0,0,1,0,1,0,0,1,0
0x300551c319d530e5867ff8e8082946a3bc10978f.json.smt,0,0,1,0,1,0,0,1,0
0x305559fad8e637876e0a142bd65e609e42589387.json.smt,0,0,2,0,0,0,2,0,0
0x30b82a61e9c7ecca057f8dd42e67c628d7e1b823.json.smt,0,0,6,6,0,0,6,0,0
0x316201f586706aaa2795bc2a3f0bad2379c363e4.json.smt,0,0,3,0,0,3,0,3,0
0x31916de2c0c286b687e5788110d04ad97dd37283.json.smt,0,0,6,6,0,0,6,0,0
0x32304cdbe41fe4f1c48b08356414a52957d22d3b.json.smt,0,0,4,4,0,0,4,0,0
0x32bacc8b241fb172fee18bda32527126c6f3c5f7.json.smt,0,0,2,0,0,0,0,0,0
0x33098a5e8f5e932831434748cdad425487b9aaf1.json.smt,0,0,5,3,0,0,3,0,0
0x3325439082ff8ba7371dfdaa1af297bbfcac21b2.json.smt,0,0,2,0,0,0,0,2,0
0x33720000b3b3bd4b631b76f85049306be257ddc7.json.smt,0,0,3,3,0,0,3,0,0
0x3398080b81a1cff1429af347ce2b17fc28de3937.json.smt,0,0,17,0,0,0,8,0,0
0x33A8eA1c8C6294C9F65f3DAd7CA7f037BD09F951.json.smt,0,0,3,0,3,0,0,3,0
0x33a683a7af55942220e4efec514da11b5dc47996.json.smt,0,0,7,0,7,0,0,0,0
0x341e790174e3a4d35b65fdc067b6b5634a61caea.json.smt,0,0,4,4,0,0,4,0,0
0x3474627d4f63a678266bc17171d87f8570936622.json.smt,0,0,3,0,3,0,0,3,0
0x354b10083a2d6b8bd18ddd390fac7bcdede8a839.json.smt,0,0,3,0,0,0,0,0,0
0x35bd607db942fe1f10ce12b309e3a67e16660fe1.json.smt,0,0,8,0,0,0,8,0,0
0x362bb67f7fdbdd0dbba4bce16da6a284cf484ed6.json.smt,0,0,4,0,0,4,0,0,4
0x36e7e06e0bdc5c632fe7cd349f94c7dd03525aa2.json.smt,0,0,2,0,0,0,2,0,0
0x3795aed9feadc5c0064a0c3ea529e46d41a2f87a.json.smt,0,0,6,6,0,0,6,0,0
0x37b53b46fa74ac3f9b4340dc5a39aabb0f2afa33.json.smt,0,0,4,0,0,4,0,4,0
0x37c0f21f9dc15be832d06a3c79ee45d16f9ed1d6.json.smt,0,0,14,0,0,0,0,14,0
0x38118c5ab0cc580678797b975b877e937310bd8c.json.smt,0,0,1,0,1,0,0,1,0
0x385e817b0083724672cb998a7afcf6da05bc0c7f.json.smt,0,0,2,0,0,0,0,0,0
0x39aa4006ee5941c0c0e41b924fdafcb2c4c918e8.json.smt,0,0,12,0,0,0,0,12,0
0x3a09769f27a6e4b01bc58b1273bcaa8159033ec5.json.smt,0,0,4,4,0,0,4,0,0
0x3aaa5474a09804b08120e6e33bfc433367ab238c.json.smt,0,0,3,0,0,0,0,0,0
0x3aaaf1c542b365e47f13ab62497f020eee45f747.json.smt,0,0,1,0,1,0,0,1,0
0x3ab274f835d1939d20d0bbb72a1fb513d7a7a675.json.smt,0,0,2,0,0,0,0,2,0
0x3ac26f27595effeb5e426bd093081ec30ebdd545.json.smt,0,0,1,0,0,1,0,0,1
0x3bb2bb5c6c9c9b7f4ef430b47dc7e026310042ea.json.smt,0,0,19,0,0,19,0,0,0
0x3c087f2684706b78a1c558e26e2735a4f8ddbb2a.json.smt,0,0,3,0,0,0,0,0,0
0x3cf853facae392c3e4310ab805da30a1da508609.json.smt,0,0,3,0,0,0,0,0,0
0x3d10bacf143389411b25fc3027cf3fcd9b2007d4.json.smt,0,0,3,0,3,0,0,0,0
0x3d42f7eb6b97ab66d8d44c725651befe02a70e5e.json.smt,0,0,1,0,1,0,0,1,0
0x3d5894b6801221bf296a2ac2d6ccf5ea09ce399a.json.smt,0,0,2,0,1,0,0,1,0
0x3eab9a2fa76f16cdc46e707ff928f7995886dee0.json.smt,0,0,6,0,0,0,0,0,0
0x401e28717a6a35a50938bc7f290f2678fc0a2816.json.smt,0,0,16,0,0,16,0,0,0
0x4028b9672bfd71ba2fcd97a6c82e06f72eaa14ba.json.smt,0,0,4,0,0,4,0,4,0
0x408b8fBc19bB5FFfF7d5E5c430F765524FAE77c5.json.smt,0,0,6,6,0,0,6,0,0
0x40b88bbd78cb0441259de7a7d608a39b7388369a.json.smt,0,0,4,0,0,0,0,4,0
0x40dec1ebd93fbe7a088eaed7eb0d9928657647a7.json.smt,0,0,2,0,0,0,0,0,0
0x40ebf2d6e998a76a848c41908733b26e04adffe2.json.smt,0,0,2,2,0,0,2,0,0
0x41F2d5040726C5328f8366F17041ec012aC8f338.json.smt,0,0,5,0,0,5,0,0,0
0x41dfc15cf7143b859a681dc50dcb3767f44b6e0b.json.smt,0,0,1,1,0,0,1,0,0
0x41ea839c0e1e562d60bf9675bf74a9caa6a7b80c.json.smt,0,0,1,0,1,0,0,1,0
0x4229a873bbd207deef8f41e807e563c26033d118.json.smt,0,0,4,0,0,4,0,4,0
0x422f8015c5d8168edee923749701360a8a4d0703.json.smt,0,0,4,0,0,4,0,4,0
0x428Da5ff72D8Be0EfAa85336B6c6A9fC9E0F73fe.json.smt,0,0,4,0,0,4,0,4,0
0x4398a4a10347d8f18029c07853a7a689eebbb925.json.smt,0,0,5,0,0,5,0,5,0
0x43bbc7fafb860d974037b8f7dd06b6f6fe799b3e.json.smt,0,0,1,0,1,0,0,1,0
0x43d0111ec0584381077a598a1cc5c1fc72722e6c.json.smt,0,0,1,1,0,0,1,0,0
0x43e49c79172a1be3EBb4240DA727c0DA0FA5d233.json.smt,0,0,5,0,0,5,0,0,0
0x440dec42eb7a9950b6f79018ffa1083595b65ee0.json.smt,0,0,6,6,0,0,6,0,0
0x44691b39d1a75dc4e0a0346cbb15e310e6ed1e86.json.smt,0,0,4,0,0,0,4,0,0
0x446D1696a5527018453cdA3d67aa4C2cd189b9f6.json.smt,0,0,12,0,0,12,0,0,0
0x44FB2663d37e36e4a2B4b865D9ec832e5Da6A016.json.smt,0,0,1,1,0,0,1,0,0
0x44e3d147188de99a1ff0799e77c03724c2032ad6.json.smt,0,0,6,6,0,0,6,0,0
0x450dc30a8b1a26e3e5ba6102216276b9c77716bc.json.smt,0,0,1,0,1,0,0,1,0
0x45d147c800d401350b24fc1cd5fbc98040b177c8.json.smt,0,0,2,2,0,0,2,0,0
0x45d21c1ea0fe939a61cff8009aed52f46ba33166.json.smt,0,0,6,0,0,0,0,0,0
0x45e42d659d9f9466cd5df622506033145a9b89bc.json.smt,0,0,3,0,0,0,0,0,0
0x460dc8b70a189bee176d22d3f0272d171bd4c5ed.json.smt,0,0,5,0,0,0,0,0,0
0x4668cd871eba35997e1fbe66d0eddf6612d018ce.json.smt,0,0,4,0,0,4,0,4,0
0x4671ebe586199456ca28ac050cc9473cbac829eb.json.smt,0,0,3,0,0,0,0,0,0
0x4680e18027b9d4e48df839ed3b0590c011d4cac1.json.smt,0,0,1,1,0,0,1,0,0
0x46a4787091835af08b9b9b99dcdadfb0ca257e06.json.smt,0,0,7,0,0,0,0,0,0
0x472d4827266f0e83d12feb52f785c7e22ab5f0b6.json.smt,0,0,3,0,0,0,0,0,0
0x477bb914dc811282675eadb05a1c272132429bbb.json.smt,0,0,6,6,0,0,6,0,0
0x479bed65685b0672ec2ff8b0a8fbe06b4ce0a710.json.smt,0,0,6,6,0,0,6,0,0
0x4865e85c72a27ca6c362da75ba6707c07464b953.json.smt,0,0,4,0,0,4,0,4,0
0x488b7b5ed8ee6fa28c0cb3a0ee7351573070601d.json.smt,0,0,5,5,0,0,5,0,0
0x49311a711ea4aff7fea3e0c32066e732fe4652ba.json.smt,0,0,2,0,0,0,0,2,0
0x493f121b6f769fc8dbfb47ab834b13561d835009.json.smt,0,0,1,1,0,0,1,0,0
0x498e950892260b0e9dfd5895d7501f340e92d263.json.smt,0,0,4,3,0,0,3,0,0
0x4993CB95c7443bdC06155c5f5688Be9D8f6999a5.json.smt,0,0,3,3,0,0,3,0,0
0x49c3019b7a83b3c77a823255533975969027308d.json.smt,0,0,2,0,0,2,0,2,0
0x49f053b866c33185fa1151e71fc80d5fe6b08a92.json.smt,0,0,5,0,0,5,0,5,0
0x4B8e1ad58657F8b4b036AD12AfbCef54D24Ac9Ba.json.smt,0,0,2,0,0,0,0,2,0
0x4C2C4511BA8F5B5f356ADF7eaeBCE8dD2ea9a9c6.json.smt,0,0,1,0,1,0,0,1,0
0x4a56ebd89b2750bf42ddec1cd3845938983be0d2.json.smt,0,0,2,0,0,0,2,0,0
0x4a7fd82c5c173be7d41541b76c43e26553b0f28b.json.smt,0,0,1,1,0,0,1,0,0
0x4ab9665bb814068f5ea71fc97a6447dbb4cd18a0.json.smt,0,0,1,1,0,0,1,0,0
0x4b19f307dda1be6bc17c999bc29e24633155c990.json.smt,0,0,18,0,0,0,0,0,0
0x4bab4e253813b7c831b67d57f2b6589b9542fc41.json.smt,0,0,2,0,1,0,0,1,0
0x4bd4afa9b213b5184c995aaef4982ce564121d20.json.smt,0,0,2,0,0,0,2,0,0
0x4c24fd04063e8b1c881e5ec0f46208d66d010c64.json.smt,0,0,2,2,0,0,2,0,0
0x4c465715e56f95cc9623144d1378bdd044dd3e1e.json.smt,0,0,1,1,0,0,1,0,0
0x4ed65e408439a7f6459b5cfbd364f373bd6ed5f7.json.smt,0,0,2,0,2,0,0,2,0
0x4eecf99d543b278106ac0c0e8ffe616f2137f10a.json.smt,0,0,3,0,0,3,0,3,0
0x4f529990b7f3d1fb4152736155e431c96fd86294.json.smt,0,0,4,3,0,0,3,0,0
0x4fd997ed7c10dbd04e95d3730cd77d79513076f2.json.smt,0,0,3,0,0,0,0,0,0
0x5088c2985210925d15ea470a160fc08b352818d0.json.smt,0,0,5,4,0,0,4,0,0
0x509F5Ca1C64F0F0A63E5C28aDB3398a3c3ec13cf.json.smt,0,0,1,0,1,0,0,1,0
0x50ae8d7c70c33d1f40b36c75fe9f560646134dd5.json.smt,0,0,8,0,0,0,0,0,0
0x50cb0011a52a8415deae370301d78369e6089fa2.json.smt,0,0,2,0,2,0,0,2,0
0x50f54ed2cafd4b7245e60557a6b56d9ac9193025.json.smt,0,0,2,0,0,0,0,0,0
0x51170b18bcA7896B49c52Dcc18E66e5C921e100F.json.smt,0,0,2,0,0,2,0,2,0
0x5158cf97c3e001b402ccb0f9063736ee8d6dad5a.json.smt,0,0,3,0,0,0,0,3,0
0x51cfc0d9bcf4ba234d442e3200b97d660e02d41f.json.smt,0,0,6,6,0,0,6,0,0
0x51dce38369b7d57d367fa1b738723a626f15b8ff.json.smt,0,0,3,0,0,0,0,0,0
0x52070b253406fc4F2bf71dBaF910F66c45828DBA.json.smt,0,0,1,0,0,1,0,1,0
0x536c2622748118a82bc9fb15a450d828966d9761.json.smt,0,0,2,0,2,0,0,2,0
0x5385d02f3a254ca716c144c7c333553a2e6ec931.json.smt,0,0,1,0,0,0,1,0,0
0x53891ef3793d8534ad42312bcc77dfad51bb5f1c.json.smt,0,0,6,0,0,6,0,6,0
0x559b52b6a30Ba913A7e8F85C4A6Aa443a0FE66ab.json.smt,0,0,10,0,0,0,2,0,0
0x55d035Ba1F4Ae932Cf98125b93D830d9858cd39F.json.smt,0,0,3,0,0,0,0,0,0
0x5624eed6e0ebef05eb9edd4c24d5abc08e181e71.json.smt,0,0,3,0,0,0,0,0,0
0x56467e038871dc7f2a6180cdebe1702cef77285f.json.smt,0,0,3,0,0,0,0,3,0
0x5657b8d985be88af0f3d2dc064e2db784071ae1c.json.smt,0,0,2,0,0,0,0,0,0
0x566c1023aaF10180B4EB9533050fbf91D7792aF1.json.smt,0,0,3,0,3,0,0,3,0
0x56f61f116c536b3c0150411534018cc2bd2b2cb4.json.smt,0,0,1,0,1,0,0,1,0
0x56fedaf633393a4902078b95a4de01c6185c5975.json.smt,0,0,6,6,0,0,6,0,0
0x587d6669a2743a1d6094f150006f56f85b5aade3.json.smt,0,0,1,0,1,0,0,1,0
0x58dd96aa829353032a21c95733ce484b949b2849.json.smt,0,1,0,0,1,0,0,1,0
0x59225aa6cc4e9ffc9fda31f38a62f8a6656ba5eb.json.smt,0,0,2,0,1,0,0,1,0
0x5965c4ee0e04ab0aa480527b7c91be8deca47f9c.json.smt,0,0,3,0,0,0,0,0,0
0x5a437D94843541d5cB83221a4A4B253dE30B97b7.json.smt,0,0,4,0,0,4,0,4,0
0x5a5eff38da95b0d58b6c616f2699168b480953c9.json.smt,0,0,2,0,2,0,0,2,0
0x5ae14c0101e0a40c709340592f1f1c052ef4ab92.json.smt,0,0,3,0,0,0,0,0,0
0x5b2ff75d7eaa47db475707dae12a688102ef4290.json.smt,0,0,12,0,0,0,0,0,0
0x5be9887d5b4336cb762a9d73335991a6ff8ce981.json.smt,0,0,3,0,0,0,3,0,0
0x5c3578f62ccd0b126214daa589ca11c7dc681acf.json.smt,0,0,5,0,0,0,0,5,0
0x5d4c95284d7b0a271c2c030cf803b24646ee0dcb.json.smt,0,0,6,0,0,0,0,0,0
0x5d67888188772Df8eD420E5Be43820c9D98A8ef5.json.smt,0,0,5,4,0,0,4,0,0
0x5d951e9377ec3383808d842fb37182c1363ca34b.json.smt,0,0,6,0,6,0,0,6,0
0x5dc8108fc79018113a58328f5283b376b83922ef.json.smt,0,0,4,4,0,0,4,0,0
0x5e3741d9faa0f62660bdecdd3ac43c97c83a9881.json.smt,0,0,3,0,0,0,0,0,0
0x5e569e1ecd56fe30dd97ee233ec1675b60fb6680.json.smt,0,0,3,0,3,0,0,3,0
0x5e84c1a6e8b7cd42041004de5cd911d537c5c007.json.smt,0,0,4,0,0,4,0,4,0
0x5ed5b9a13af4581524ebb7a0701bc4366d002289.json.smt,0,0,3,0,0,0,0,0,0
0x5ee82a5250ac20f0bbe2f55cde273937461c882f.json.smt,0,0,6,6,0,0,6,0,0
0x5f0281910af44bfb5fc7e86a404d0304b0e042f1.json.smt,0,0,11,0,0,0,0,0,0
0x5f0d0c4c159970fda5adc93a6b7f17706fd3255c.json.smt,0,0,3,3,0,0,3,0,0
0x5f5d7147adb6ed31a2ca03ce3defb070a3be0ebb.json.smt,0,0,3,3,0,0,3,0,0
0x609a9cb68b0a3a9c63027bfac0708517bac97885.json.smt,0,0,6,6,0,0,6,0,0
0x60Acd43314d93F38507F3fd12E84225a5a099229.json.smt,0,0,5,0,0,5,0,0,0
0x60a76ea79eBC7264F2897EE7FE4f33F31ef25A74.json.smt,0,0,1,0,1,0,0,1,0
0x60a9be0ddd559e05733f22101c9330e7fc5282de.json.smt,0,0,4,4,0,0,4,0,0
0x60b1bfaa999ab532df3ab804b43ed549a8636501.json.smt,0,0,3,0,0,0,0,0,0
0x60f0ee673e413e1c134d1497eeecce8ddd2fdd74.json.smt,0,0,3,3,0,0,3,0,0
0x627917e47cd111382ddf7fb1dc140d2daf8876b3.json.smt,0,0,1,0,1,0,0,1,0
0x629469c8db3a4d7bcc3a823effcf8900119ba7e7.json.smt,0,0,1,0,1,0,0,1,0
0x62ca898dd70d4ad44552f9a9027ee45bd7a47ce0.json.smt,0,0,6,6,0,0,6,0,0
0x63dd6f40007731eb7e70a7ae43b55c0fb2090c99.json.smt,0,0,10,0,0,0,10,0,0
0x64160ad5ff632457cd3dc8788ee83e97e3a88abb.json.smt,0,0,5,5,0,0,5,0,0
0x6439e643dc316ac4108ebdc6c364a65994b6b1ff.json.smt,0,0,2,0,2,0,0,2,0
0x65bBC91459aAAd9603ef1345c6Bb6396dd6772B9.json.smt,0,0,2,0,2,0,0,2,0
0x66342e803943929dc47bca1d625f42c7c725b049.json.smt,0,0,4,0,0,4,0,0,4
0x665f2d9e0ea20573255ecddb2d597bf94ef30784.json.smt,0,0,2,2,0,0,2,0,0
0x66943100bf0464c1ec43b957a5f72fe2d67a3678.json.smt,0,0,2,0,2,0,0,2,0
0x673f0dec1416803a39d50760c697fb26f4c539b0.json.smt,0,0,1,1,0,0,1,0,0
0x687a241422c92e3d15ce6a02c832f800b74c8b3c.json.smt,0,0,3,0,3,0,0,0,0
0x6896ad514a2ce7586762f8e641c7821827a255c1.json.smt,0,1,0,0,1,0,0,1,0
0x68ed5f7482307dcd325cd92d48b52b0a2e2a7069.json.smt,0,0,1,0,1,0,0,1,0
0x693399aae96a88b966b05394774cfb7b880355b4.json.smt,0,0,2,2,0,0,2,0,0
0x69e5da6904f73dfa845648e1991ad1dcc780f874.json.smt,0,0,2,2,0,0,2,0,0
0x6Ba4313d6B01efD3C81224a1d34794B2A0b0CF76.json.smt,0,0,6,0,0,0,0,0,0
0x6a6581a884c4729586479307e5694bf836617517.json.smt,0,0,2,0,0,0,0,0,0
0x6a92b2804EaeF97f222d003C94F683333e330693.json.smt,0,0,1,0,1,0,0,1,0
0x6aC85d0408044AfB786a6d631d4D3426Ce0E031a.json.smt,0,0,4,0,0,4,0,0,4
0x6adF9E666e3e85876B1Ba25eDB31799FaAd8417b.json.smt,0,0,1,0,1,0,0,1,0
0x6b63ea3612dde97082aab468157950f927618d31.json.smt,0,0,12,0,0,0,0,0,0
0x6b80a8c7958e25a7ab14e4dd68257d7566c487eb.json.smt,0,0,6,6,0,0,6,0,0
0x6c878a4760fb1afe5751d9979b4fbeeec3072a30.json.smt,0,0,1,0,1,0,0,1,0
0x6cafdc06177f6f4b4b4638c987397b07cd948aed.json.smt,0,0,7,0,6,0,0,6,0
0x6d2f190e6fd3bece517cb817254e8411249656a6.json.smt,0,0,1,1,0,0,1,0,0
0x6d805b5de59d3f1779e4180b8547bcf728ff91ea.json.smt,0,0,2,0,0,2,0,0,2
0x6e01ee36b522a824609b7f7dfb5e4aa8fbb48934.json.smt,0,0,4,0,0,0,0,0,0
0x6e7f987907320630b7880Eecc26B17C0D9afa7b4.json.smt,0,0,3,0,3,0,0,3,0
0x6f576af2dba6bf6308caf8feec3fc3d07501c018.json.smt,0,0,6,6,0,0,6,0,0
0x6fd8e0e34117c95e568f8938716013f948e0b2f9.json.smt,0,0,5,0,5,0,0,5,0
0x6ff323e36bfdb20502b23780695f4e77e36cde95.json.smt,0,0,2,0,2,0,0,2,0
0x7011f3edc7fa43c81440f9f43a6458174113b162.json.smt,0,0,6,0,0,0,0,0,0
0x706dded765c012b7f532c60c1d08563ba5e9f587.json.smt,0,0,1,0,1,0,0,1,0
0x709c7134053510fce03b464982eab6e3d89728a5.json.smt,0,0,2,1,0,0,1,0,0
0x70E2475B7DA322D4a379e43cD7495C63C055192A.json.smt,0,0,1,0,1,0,0,1,0
0x716b5400f76dfc3420822f710835de8baf105442.json.smt,0,0,7,0,0,0,0,0,0
0x71caff5fd6facbaf1863426ac05b3703636a9bb9.json.smt,0,1,0,0,1,0,0,1,0
0x723dff0e27cc38b80556f5e05dfdbdcb721654d7.json.smt,0,0,7,0,0,7,0,0,0
0x72a68Fb6d91Ed8Dc47B564e088E518C6D4a6FF44.json.smt,0,0,5,4,0,0,4,0,0
0x73e25c92d1669af02142f556c1918a1de537ba0e.json.smt,0,0,6,6,0,0,6,0,0
0x740e6b6f0a0165e8bb3d1cdf94862bdffbded22e.json.smt,0,0,4,4,0,0,4,0,0
0x748defc02aa6221ae4db129bbe7e6a97537a6f45.json.smt,0,0,5,0,0,4,0,0,4
0x750241c16c9fb878a7afd2b07b80f53e02c3f634.json.smt,0,0,4,0,0,4,0,4,0
0x754ec4b04c10a0373e849dc61f3112c94393e63d.json.smt,0,0,22,0,0,0,0,0,0
0x755cdba6ae4f479f7164792b318b2a06c759833b.json.smt,0,0,4,4,0,0,4,0,0
0x75aa81161e07483f6ca199fef46c13eb13d190be.json.smt,0,0,2,2,0,0,2,0,0
0x75f398D5B9E92D17EE307268c28779DA26508F54.json.smt,0,0,5,5,0,0,5,0,0
0x7698392fff47d8d4cee21295ad1f31b6ced9ad66.json.smt,0,0,5,0,0,0,0,0,0
0x76e580f75BF01bfFbF4f44167d5822346de4f176.json.smt,0,0,2,2,0,0,2,0,0
0x779d8114f5a6310742d70117a13bb300d751038a.json.smt,0,0,2,0,1,0,0,1,0
0x77eec19c8ba79b1c7c79311ec810cbf88d924751.json.smt,0,0,7,0,0,0,0,0,0
0x787e3cef5edd94089ab3988775fcb24a1582b38f.json.smt,0,0,12,0,0,12,0,0,0
0x788c964f356086b9578b8b4f0fffe13a96c0c7b8.json.smt,0,0,6,6,0,0,6,0,0
0x78b058ccda93816487C655367dCb79664A216AD2.json.smt,0,0,4,0,0,4,0,4,0
0x78d4f849aab2b0a5a66f76b9b1ff47da5a9ae492.json.smt,0,0,2,0,2,0,0,2,0
0x7996d791995B9f9C15EB4C3e899B09a344c54Bdb.json.smt,0,0,16,0,0,0,0,0,0
0x79ecdb8c66c6d9e6deb5ef361fb4c360a522f995.json.smt,0,0,2,0,2,0,0,2,0
0x7be89db09b0c1023fd0407b24b98810ae97f61c1.json.smt,0,0,4,0,0,4,0,0,4
0x7c4a690585ffe89c01aebfce188b9bec8def9e8d.json.smt,0,0,9,0,0,0,0,9,0
0x7d3ae940eb73dc9131758ad2e326c7d863b0916a.json.smt,0,0,2,0,0,0,0,2,0
0x7d56485e026d5d3881f778e99969d2b1f90c50af.json.smt,0,0,13,0,0,13,0,0,0
0x7da82c7ab4771ff031b66538d2fb9b0b047f6cf9.json.smt,0,0,5,0,0,0,0,0,0
0x7f64e2913511ceb3301f0515548ab7539735182b.json.smt,0,0,6,6,0,0,6,0,0
0x7f9af66163461009e9a4c57f6d3c6421bc47a663.json.smt,0,0,2,2,0,0,2,0,0
0x7fd6d3537b39842cfe16e813851296d4745b51a7.json.smt,0,0,4,0,0,4,0,4,0
0x7fe180e63198e50057c3f2817d058e8904c650e3.json.smt,0,0,1,1,0,0,1,0,0
0x80D9C4F6209044De069c545f68644419b520a02F.json.smt,0,0,4,0,0,4,0,4,0
0x80f84866d4872f1ea412ddf10e2ed7af0b8ca8fb.json.smt,0,0,9,0,0,9,0,0,0
0x817b0a0855fa6e1e0b9a994979b3d5bf864d9560.json.smt,0,0,6,6,0,0,6,0,0
0x81a47e985b7a133728e97efc7f9ec3654b6e73f0.json.smt,0,0,2,2,0,0,2,0,0
0x826a490c2d5d7ccb5f0223b042b39a9dc3cfdfe6.json.smt,0,0,6,6,0,0,6,0,0
0x82df5022fbcfdd877830371d7713f0181a554c9c.json.smt,0,0,1,1,0,0,1,0,0
0x83651a62b632c261442f396ad7202fe2a4995e3a.json.smt,0,0,6,0,0,6,0,6,0
0x83b6ad8e37ab7a4f71da533a35271484270ec6c2.json.smt,0,0,2,0,0,0,2,0,0
0x83d904a2489bae727c1037469206891d8d058d92.json.smt,0,0,2,0,0,0,2,0,0
0x83fb0973451090a83a3abca8ec5f30e9c889527e.json.smt,0,0,2,0,2,0,0,2,0
0x841ffaba4532c83907b45fc05984eef8cc3474bc.json.smt,0,0,3,3,0,0,3,0,0
0x845f74aac51148bdd4ef6aed29822940c025a3a2.json.smt,0,0,2,2,0,0,2,0,0
0x84d50ebf4737331fb41ff9e3c6c324262c5b661c.json.smt,0,0,2,0,0,0,2,0,0
0x85169e1f0d8c2f27dd44f1cfbb81172dfeafe7c1.json.smt,0,0,3,0,0,0,0,0,0
0x85c84c949b1c29c85b777f2873a19450dbb1a057.json.smt,0,0,5,0,0,0,0,5,0
0x86c93259896b20e45262dac7499a83a2cad23fe0.json.smt,0,0,6,6,0,0,6,0,0
0x872b91913dc7279702b7591c970b02519c4615cf.json.smt,0,0,1,0,1,0,0,1,0
0x87b0de512502f3e86fd22654b72a640c8e0f59cc.json.smt,0,0,8,8,0,0,8,0,0
0x883ee0b0ce06f11cb215c7e2299f1948b247784b.json.smt,0,0,4,0,0,4,0,4,0
0x89205a3a3b2a69de6dbf7f01ed13b2108b2c43e7.json.smt,0,0,1,0,1,0,0,1,0
0x89c2352Cb600df56fe4BFB5882caAdEF3E96213f.json.smt,0,0,1,0,1,0,0,1,0
0x8C95e60A62b8d71CC557F1fd0f9Ce011b83F8d68.json.smt,0,0,1,1,0,0,1,0,0
0x8a70cf25cf32e728be9e30c20b2781f60cb0ed6d.json.smt,0,0,5,0,0,0,0,0,0
0x8a772004af0b8fca5e7093c6f277ba7b0e8fa97a.json.smt,0,0,1,0,1,0,0,0,0
0x8b4aa759d83ec43efba755fc27923e4a581bccc1.json.smt,0,0,3,0,0,0,0,0,0
0x8b807cf49ca593c4678811211df2992e64f2f3ef.json.smt,0,0,3,3,0,0,3,0,0
0x8bb91dc4614c204a9cdb64f8a4cd8ee1c46e76b9.json.smt,0,0,4,0,0,3,0,0,0
0x8c0bafd88dfb4c8159ce925b3222d18fdf3c8a90.json.smt,0,0,2,0,0,0,0,0,0
0x8cd68336ad5092110e79aae318731e1d60a331ae.json.smt,0,0,6,6,0,0,6,0,0
0x8d49fe859ff65d7995d4b915f45d4097da7689a6.json.smt,0,0,1,0,1,0,0,1,0
0x8d7b6fb1523f04e644085e14d5e49b1c6278c92e.json.smt,0,0,5,5,0,0,5,0,0
0x8e0806b4e7aa1e74d798124756bcf1263cd830d0.json.smt,0,0,1,0,1,0,0,1,0
0x8ea6c8077d6316b46e449aec8fb60a606cf50eea.json.smt,0,0,1,0,0,1,0,0,1
0x8f058d8a161f5be34b47149d70c47d6c60252eee.json.smt,0,0,4,4,0,0,4,0,0
0x8f13a1d43408b6434dd10e161361386f3952d665.json.smt,0,0,3,0,0,3,0,3,0
0x8f4e3d448a318c1dec52b3f22d77132a39c62025.json.smt,0,0,2,2,0,0,2,0,0
0x900e66fe952998ebe212d4a7def0936387142e2a.json.smt,0,0,6,6,0,0,6,0,0
0x9047ef7c3d52956dd0909c1c1e011e986ce60691.json.smt,0,0,5,0,0,0,0,0,0
0x9053d234a1ff2290f087a1ca9460e3263121e580.json.smt,0,0,4,2,0,0,2,0,0
0x90aa6fb2c2ab2c9e3fd5634c054d636c708cd5f3.json.smt,0,0,5,0,0,0,0,0,0
0x911143d946ba5d467bfc476491fdb235fef4d667.json.smt,0,0,1,0,0,0,0,0,0
0x911d71eed45dbc20059004f8476fe149105bf1dc.json.smt,0,0,2,2,0,0,2,0,0
0x91ee990363fbb6aca7497632af8790efc238872f.json.smt,0,0,3,0,0,0,0,0,0
0x9220d625bd6bea95c865b3c4faf273bfbd6bc48a.json.smt,0,0,3,3,0,0,3,0,0
0x931d84b85da4f377ac977e1f78603af166c224f4.json.smt,0,0,6,6,0,0,6,0,0
0x936f78b9852d12f5cb93177c1f84fb8513d06263.json.smt,0,0,7,5,0,0,5,0,0
0x938875f7a161ce2f4c314ba1bb3172dbf52ebb3d.json.smt,0,0,3,0,0,0,0,0,0
0x93c9cce56a35a5bba00501a8dcd6ea1392ff3dfd.json.smt,0,0,5,4,0,0,4,0,0
0x93eeabbe86d19bda39ea2d1049baf2c0878ded23.json.smt,0,0,1,0,0,1,1,0,0
0x940e7d8fb34921c3c5bbb8b9792b1a0e4688fe9b.json.smt,0,0,2,2,0,0,2,0,0
0x943bbeEf41460a3F0f3Ac7f7a062128ad0Ba9cB1.json.smt,0,0,10,4,0,0,4,0,0
0x9448b35b4c9eea695dedff285e0cd8bc6c65e2b1.json.smt,0,0,2,0,0,0,0,0,0
0x9473bc8bb575ffc15cb2179cd9398bdf5730bf55.json.smt,0,0,3,0,0,0,0,0,0
0x9497043f4CD9450867479f3Fd873d80d9321094C.json.smt,0,0,19,0,0,0,0,0,0
0x949bEd886c739f1A3273629b3320db0C5024c719.json.smt,0,0,5,0,0,0,0,0,0
0x952c9a569725d4cb710c69184e5eb8f56d6b8bd6.json.smt,0,0,2,0,1,0,0,1,0
0x9674e9123caf1f74d7f2b8c6823734891c0573d7.json.smt,0,0,3,3,0,0,3,0,0
0x9758da9b4d001ed2d0df46d25069edf53750767a.json.smt,0,0,3,0,2,0,0,3,0
0x97afa00f26e66bf96a7338e67ee945d1f3080b78.json.smt,0,0,18,0,0,17,0,0,0
0x9828953884b857380a80d177c38d95aeb42cd34c.json.smt,0,0,1,0,0,0,1,0,0
0x9828f591b21ee4ad4fd803fc7339588cb83a6b84.json.smt,0,0,1,0,1,0,0,1,0
0x98a31890002355fbe5231c60db4b1b6c28f45e90.json.smt,0,0,5,5,0,0,5,0,0
0x98a86b076c19a65d928417b8b1398ac19e2df04c.json.smt,0,0,6,0,6,0,0,6,0
0x98f0485cdd22710a9a923e616567eadfe62e258e.json.smt,0,0,7,0,0,0,0,0,0
0x98f9e314a874e17c77e7ec24f228649f21a52368.json.smt,0,0,5,0,0,0,0,0,0
0x993bbc77c48ca648659129602dd507a96bc5b561.json.smt,0,0,6,6,0,0,6,0,0
0x99d982e49bcb5465a6b4c1e0ec4341c912d9ba42.json.smt,0,0,5,0,0,5,0,0,0
0x9D5BdAa9d82782c03402dD5c675aE3E45B3102e2.json.smt,0,0,4,0,0,4,0,4,0
0x9F8Bf604AbeB04D32B0FFAE9c3A083be5858CF96.json.smt,0,0,19,0,0,0,0,0,0
0x9aa7889526708afdfb6c5222e47ed96bfdacb945.json.smt,0,0,6,6,0,0,6,0,0
0x9aaf2034b8eb1496aef7ffbd0b5acd20c8ea802e.json.smt,0,0,5,0,0,0,0,5,0
0x9ab2b9bd7c70ba12757eadcda5a9626ac247fadf.json.smt,0,0,5,5,0,0,5,0,0
0x9ae98746EB8a0aeEe5fF2b6B15875313a986f103.json.smt,0,0,1,1,0,0,1,0,0
0x9b27a23006b6612b2dfc840d0a25f4e347121d21.json.smt,0,0,2,2,0,0,2,0,0
0x9b37508b5f859682382d8cb6467a5c7fc5d02e9c.json.smt,0,0,7,0,0,0,0,0,0
0x9bf233b2f9eea51708c0b345f28fc621f83daa78.json.smt,0,0,3,0,0,3,0,0,3
0x9bfe61748ba9b71789de234d2bdc8fa21047d3cb.json.smt,0,0,8,0,0,8,8,0,0
0x9c794584b2f482653937b529647924606446e7f4.json.smt,0,0,2,2,0,0,2,0,0
0x9c9dc2b707a99ae4b6795538ac6bf4f6d4842830.json.smt,0,0,5,0,4,0,0,5,0
0x9d0135658dd0472310e44bcd520fd0a141db0bbb.json.smt,0,0,4,4,0,0,4,0,0
0x9d3899df1d9f030a32dd5571fe3c7ef72d6ae566.json.smt,0,0,2,0,0,0,0,2,0
0x9da7902394fb19ddd340d47398d35e3405bf79ec.json.smt,0,0,4,0,0,4,0,0,0
0x9df71e0a7566f607eb03550331fbef13b61dc29f.json.smt,0,0,6,6,0,0,6,0,0
0x9e2a68ed6b854e2e55433b5ec8f471c7b274df51.json.smt,0,0,4,0,0,4,0,4,0
0x9e611784170b297091de56eb50162548d9b54d87.json.smt,0,0,2,2,0,0,2,0,0
0x9f1d916a456b96146e9f0dbbd0e107a1f389a061.json.smt,0,0,4,0,0,0,4,0,0
0x9ffa45c5943a0203ee462c48c8b97064abbe28f3.json.smt,0,0,2,2,0,0,2,0,0
0xA14d964FB52BF333888D162E9CAF8cC7F090CDe4.json.smt,0,0,5,5,0,0,5,0,0
0xAF6D36e6A376CDa44a5Ce9280507e5E24132C143.json.smt,0,0,9,0,0,0,9,0,0
0xAc504e2a9c870A48de521ed513B251B1f7116Dd9.json.smt,0,0,7,0,0,0,0,0,0
0xB071e5c53094Cabb971E98EBA3B1A86BE555c943.json.smt,0,0,7,6,0,0,6,0,0
0xB19ff6657A80a68c94CA3fe6AAc3B6cfd16bdcD4.json.smt,0,0,1,0,1,0,0,1,0
0xBe46324018124B2d604c2f3eaE91D3De9b388b09.json.smt,0,0,6,0,0,6,0,0,0
0xC1ce17303ef35C128B499eD091F39008B3a57389.json.smt,0,0,10,0,0,0,0,0,0
0xC33281d43BD23b6F8Ec8880C663D7603B85cb383.json.smt,0,0,3,0,0,3,0,0,3
0xC357a046C5C13bb4e6d918a208b8B4A0aB2F2EFd.json.smt,0,0,3,0,0,3,0,0,0
0xC4216D17a72BD49E404Fe396bB93c9Cd8Cf3e881.json.smt,0,0,5,0,5,0,0,5,0
0xCE3b5fFca16ffF926c890f0885A3e90cEb89db0A.json.smt,0,0,8,0,0,0,8,0,0
0xCF0c7e3Ad3b2C82BdDd286A301aFaAFd185F30EC.json.smt,0,0,5,5,0,0,5,0,0
0xD05d56acd892F33010D93DdF6D9593511B618946.json.smt,0,0,8,4,0,0,4,0,0
0xD35e6F3B26F8992a7F023Ad878e13A82ddEd2232.json.smt,0,0,3,3,0,0,3,0,0
0xD361e374bE9e3907FCEAC60c6EA5CbDcE89fC9ae.json.smt,0,0,3,0,0,0,0,3,0
0xD8912C10681D8B21Fd3742244f44658dBA12264E.json.smt,0,0,3,0,0,0,0,0,0
0xDAC8da3e58c11B4e0E8DFaeFe191107e143AC29B.json.smt,0,0,8,8,0,0,8,0,0
0xE7aA95217EB415B2c400c81e2B65359E720aB936.json.smt,0,0,1,0,1,0,0,1,0
0xE94b04a0FeD112f3664e45adb2B8915693dD5FF3.json.smt,0,0,4,4,0,0,4,0,0
0xF0d8af9125dE2761B42DBB0B1014bF232219a1c5.json.smt,0,0,6,0,0,0,6,0,0
0xF1c1648f6F0EdbCF7d898441b88E489CfaAce11D.json.smt,0,0,2,0,0,2,0,2,0
0xF74A6e92588eE0a524b44b251E0b47d1A15824f7.json.smt,0,0,1,1,0,0,1,0,0
0xFE70f7D0Fe6Ceb71D4FC0308322fFA6098043E43.json.smt,0,0,1,0,0,0,0,0,0
0xa0285193e366a634fd9639d650b2115d77681a37.json.smt,0,0,4,0,0,4,0,4,0
0xa0388ffb2a3c198dee723135e0caa423840b375a.json.smt,0,0,4,4,0,0,4,0,0
0xa0c1b6f1d8bc69bcffca759d59354c2cc4fb9db6.json.smt,0,0,6,6,0,0,6,0,0
0xa0f9fb2170dc2d181ef8aaf3571dc441813e0154.json.smt,0,0,2,0,2,0,0,2,0
0xa1ea522792ed4f092bf81c10865cb81299e46679.json.smt,0,0,6,6,0,0,6,0,0
0xa259e6bcade86c770cb5214c789ee107662831a6.json.smt,0,0,3,0,0,3,0,3,0
0xa333604269d38faec526d90db381017009fe4c18.json.smt,0,0,6,6,0,0,6,0,0
0xa35fc4d3ea15e0d9272dc181ee1c2761d5d0cabd.json.smt,0,0,4,0,0,0,0,4,0
0xa379bbdd0af814502eb9b38d475c7fa7411bb4ec.json.smt,0,0,4,0,0,4,0,4,0
0xa39fcb48adf288f143459d57a1a0756718c919ae.json.smt,0,0,3,0,0,3,0,3,0
0xa3d4d7df3988d48c48728787cb5910a8a4cc4d26.json.smt,0,0,15,0,0,15,0,0,0
0xa43ebd8939d8328f5858119a3fb65f65c864c6dd.json.smt,0,0,2,0,0,0,2,0,0
0xa502f8112b2491718855f01a01a60462cc97a0d5.json.smt,0,0,3,0,0,3,0,3,0
0xa623Bca1460BB9207AA8b4ad00fAEA3f30F0c549.json.smt,0,0,7,0,0,7,0,0,0
0xa68f65bb1169359df1a7c66113c5b4e9a9bbb5d6.json.smt,0,0,2,0,2,0,0,2,0
0xa7481af3bbc9d902c02f58204c5683052de53330.json.smt,0,0,4,0,0,4,0,4,0
0xa83c4a6d0418074655bdbe74fed8435c46c19f66.json.smt,0,0,4,0,0,4,0,4,0
0xa850E6f693B9bCB31df3eE44e7888EF19E608107.json.smt,0,0,1,0,1,0,0,1,0
0xa85ca955b27dd80cb428a26efe842897694c311d.json.smt,0,0,1,0,1,0,0,1,0
0xa96f7d29dc792359b1ce24c7c54230882dee1be2.json.smt,0,0,2,0,0,2,0,0,0
0xa9d160e32ad37ac6f2b8231e4efe14d35abb576e.json.smt,0,0,4,0,4,0,0,4,0
0xaBbb6bEbFA05aA13e908EaA492Bd7a8343760477.json.smt,0,0,4,4,0,0,4,0,0
0xaa1a6e3e6ef20068f7f8d8c835d2d22fd5116444.json.smt,0,0,4,4,0,0,4,0,0
0xab7689c7be6d9b5428d6bf4c536dc699fc919260.json.smt,0,0,5,0,0,0,0,5,0
0xab7c49a95ba2f8c1ad95d18c8541cba650870618.json.smt,0,0,5,4,0,0,4,0,0
0xabea74917283a8662865894c7d6cfecafd85ceb6.json.smt,0,0,5,5,0,0,5,0,0
0xac1ff2cdb6e88138d78f0ed39a4bfa1dad9d27aa.json.smt,0,0,1,0,1,0,0,1,0
0xac44b0c61c20c5063e22d3a0ff67f13afdfed103.json.smt,0,0,4,0,2,0,0,2,0
0xac5713b66789e58351201e1dae1d4fbb5c7d8931.json.smt,0,0,1,0,1,0,0,1,0
0xad2b1feb2153cd5a6b8a5f37a820ba013a89cabf.json.smt,0,0,2,2,0,0,2,0,0
0xad87e48d553c2308dccab428537f6d0809593ba4.json.smt,0,0,6,0,0,0,0,0,0
0xade85d1796008281dbf4baaedb2790d3fea8d89d.json.smt,0,0,2,0,0,0,2,0,0
0xae8a616011274cde89dd86e2f40b73c449e2f45b.json.smt,0,0,6,6,0,0,6,0,0
0xaed5a41450b38fc0ea0f6f203a985653fe187d9c.json.smt,0,0,1,0,1,0,0,1,0
0xaedde4941e7eac04f97be3a89af50a454d7c5f89.json.smt,0,0,3,0,0,0,0,0,0
0xaf0f6a53269fc9dbbd9da9f11c368d36b7a60006.json.smt,0,0,18,0,0,18,0,0,0
0xaf2b8e6114da000176c506f77b173251c16b511d.json.smt,0,0,2,2,0,0,2,0,0
0xaffd8d333badb2a6dfab4854c5a30ac2dbb9db9f.json.smt,0,0,3,0,0,0,0,0,0
0xb037d91cff5db65532b45bbdf9498efd0bce702a.json.smt,0,0,1,0,1,0,0,1,0
0xb08b08b9c4f91e68729ca471d77e0a525071db89.json.smt,0,0,6,6,0,0,6,0,0
0xb0ceaa9cc523332cbef9fc606221cc0bc2d0872d.json.smt,0,0,2,2,0,0,2,0,0
0xb10ba7b334d3bd1b2110ba00bca39696b6df406d.json.smt,0,0,2,0,0,0,0,0,0
0xb12C7DF9F092814e7863b65035Eb14D19FA61faF.json.smt,0,0,1,1,0,0,1,0,0
0xb1d58bad78f33892719cdeba218f8641a71a3f05.json.smt,0,0,2,0,0,0,0,0,0
0xb2048d829482dbc9baf6951c28909e5c49686041.json.smt,0,0,3,0,0,0,0,0,0
0xb336a86e2feb1e87a328fcb7dd4d04de3df254d0.json.smt,0,0,4,0,4,0,0,4,0
0xb377dc0593ebce801cdfff2e0c8f786983f7d2e7.json.smt,0,0,1,0,0,0,0,0,0
0xb40d0312bac389ae0a05053020aac80c9237358b.json.smt,0,0,6,0,0,0,0,6,0
0xb4e7fc7f59c2ec07aee08c46241d7b47de4cec06.json.smt,0,0,1,1,0,0,1,0,0
0xb671c3883307cf05bb3dff77a9754e87b4347195.json.smt,0,0,4,0,4,0,0,4,0
0xb6Db69e99f7E3ccB352FaBde7D98A8FAe0De4297.json.smt,0,0,5,0,5,0,0,5,0
0xb6cd94c7cdea8fa5cfad9210e3f2358ad8b0cd75.json.smt,0,0,1,0,1,0,0,0,0
0xb78e82956b6037e13b83c287aa9047f748c0f55a.json.smt,0,0,3,3,0,0,3,0,0
0xb9068705fbdc3b06c11763d2c260be682e6844ff.json.smt,0,0,3,0,0,0,0,0,0
0xb94f85ea35987648bb460a96a34f56ac1a6cc6f7.json.smt,0,0,3,0,0,0,0,0,0
0xb97768a8e31789dbece1403694e53c2142c3d706.json.smt,0,0,8,0,0,0,0,0,0
0xb98fdd97f3da105e6b166461afac208981bc786b.json.smt,0,0,3,0,0,0,0,0,0
0xbA6284cA128d72B25f1353FadD06Aa145D9095Af.json.smt,0,0,12,0,0,12,0,0,0
0xbAaBE94C786FE90514Dc6fA68499FD93EE583a5c.json.smt,0,0,4,0,0,4,0,0,0
0xbFb0Cfd13dbB56c2dbf69EAe33255f0EF1fC7955.json.smt,0,0,2,2,0,0,2,0,0
0xba2f1399df21c75ce578630ff9ed9285b2146b8d.json.smt,0,0,2,0,0,0,0,0,0
0xba3e14a7f0169d86fc1389ad40ca4356a1404640.json.smt,0,0,16,0,0,0,16,0,0
0xba69e7c96e9541863f009e713caf26d4ad2241a0.json.smt,0,0,2,0,0,2,0,2,0
0xba95b83766d60170e78398745f5c3df78b886c65.json.smt,0,0,6,6,0,0,6,0,0
0xbb70e866804653c2ee81e1cba7564c2f5207e97d.json.smt,0,0,1,0,0,0,0,1,0
0xbb9854BFD082c48B4D426aC6A2a152B01326f46F.json.smt,0,0,3,0,0,3,0,3,0
0xbb9aa47ea51695591a0b1c44c74d17a33ffde5b4.json.smt,0,0,2,2,0,0,2,0,0
0xbe0d35bf5dda61caf80ece3d4f6045a7bab7ed02.json.smt,0,0,2,0,2,0,0,2,0
0xbe181da06d93867af0a3ffadcebe345ec35dae4e.json.smt,0,0,4,0,0,4,0,4,0
0xbe87e87965b96d8174eae4e3724a6d7417c488b0.json.smt,0,0,1,1,0,0,1,0,0
0xbf04a03a4ad0455b450888099eb43a1780feb10d.json.smt,0,0,3,1,0,0,1,0,0
0xbf280a05a1aa9360fee28b61ba0b01abbf16ba49.json.smt,0,0,7,0,0,0,0,0,0
0xbf28e50143ca1f25c7e2887b1d5cd47ec5dccd17.json.smt,0,0,6,6,0,0,6,0,0
0xbf4ed7b27f1d666546e30d74d50d173d20bca754.json.smt,0,0,6,6,0,0,6,0,0
0xbf7316fab5c8cfbda5e763a5a1f94c4e0ce7ec37.json.smt,0,0,24,0,0,0,0,0,0
0xc13e4ed5e7f8af83663c9e5086de85b1f914a863.json.smt,0,0,6,6,0,0,6,0,0
0xc18a451d4ef2a85e7bf8404131c5f994a98bdb15.json.smt,0,0,3,0,0,3,0,3,0
0xc1caec30b787711108957660a3f9306a5d967f66.json.smt,0,0,3,3,0,0,3,0,0
0xc1f9de7df87eb7a933192e4e9178b0b07472f65c.json.smt,0,0,6,0,0,0,6,0,0
0xc58d783e39aabe61a4bce8d4b5e7264e67c92c27.json.smt,0,0,6,6,0,0,6,0,0
0xc5912c5AA88D7c947C9510b3c8D76543C72Ed98c.json.smt,0,0,1,0,1,0,0,1,0
0xc5B2508E878af367Ba4957BDBEb2bBc6DA5BB349.json.smt,0,0,4,4,0,0,4,0,0
0xc5e8AaeC3BD3ebe78b5bcd0F1560F0a61cc945cf.json.smt,0,0,1,0,1,0,0,1,0
0xc6b13d41866cba306fe9ddfafd580ac8d92bfb75.json.smt,1,0,0,1,0,0,1,0,0
0xc6c4c7826D44ABF22c711E8E86bDC3f5242d2182.json.smt,0,0,3,0,0,0,0,1,0
0xc7696b27830dd8aa4823a1cba8440c27c36adec4.json.smt,0,0,2,0,0,0,0,2,0
0xc78daa292c7f44dcbf138db81dc25272138f5aaf.json.smt,0,0,9,0,0,0,0,0,0
0xc7dfe4304bd4c9dd6ed414443c077fc06501e9ac.json.smt,0,0,7,7,0,0,7,0,0
0xc90233644d2eeb37a7ec641072c85ad272ef2feb.json.smt,0,0,6,0,2,0,0,6,0
0xc9c1bfb27e97531ecfe005faa2b2ed4828b08a0b.json.smt,0,0,5,0,0,0,5,0,0
0xca16790e9bb125392960e78befff1d4df4cb5b58.json.smt,0,0,1,1,0,0,1,0,0
0xca7c390f8f843a8c3036841fde755e5d0acb97da.json.smt,0,0,4,0,0,4,0,4,0
0xcab39d1c7383fc9682a1221bffacbce2bdd967ca.json.smt,0,0,2,0,0,0,2,0,0
0xcac337492149bdb66b088bf5914bedfbf78ccc18.json.smt,0,0,6,0,0,0,0,0,0
0xcca577ee56d30a444c73f8fc8d5ce34ed1c7da8b.json.smt,0,0,1,1,0,0,1,0,0
0xcd3e727275bc2f511822dc9a26bd7b0bbf161784.json.smt,0,0,7,0,0,7,0,0,0
0xcd6608b1291d4307652592c29bff7d51f1ad83d7.json.smt,0,0,3,0,0,0,0,0,0
0xcd820a2f792f429bf95e6d0de909d06110b44123.json.smt,0,0,4,4,0,0,4,0,0
0xcd8fb4d52ebc4eebb43cd984cb0704d9aaddbece.json.smt,0,0,1,1,0,0,1,0,0
0xce1555c4fc4ddc2d87183d1a36e0a410e565624d.json.smt,0,0,1,0,1,0,0,1,0
0xcf00354366bca2f2cd49007bfaeac49d97463200.json.smt,0,0,2,0,0,0,0,0,0
0xcff9cb72d19c10df754ae7be6d280e379cdb2354.json.smt,0,0,4,0,0,4,0,4,0
0xd12d8F8dFa54F1578B2177F99B2e282367b66B13.json.smt,0,0,3,0,0,3,0,3,0
0xd1c37dffd4ef36867c5bd7e59566358ea3d21e63.json.smt,0,0,6,6,0,0,6,0,0
0xd2f7bba33a3b81792c0f9cc2de6d9266002a5591.json.smt,0,0,5,5,0,0,5,0,0
0xd3938e46a27a7402f5d6421da298463a73f069c7.json.smt,0,0,6,6,0,0,6,0,0
0xd39fe1cffd8f070429169b416b7e07f486d553cf.json.smt,0,0,2,0,2,0,0,2,0
0xd3f3eb105daa3712eda7709f59ac0ec0d2d202b5.json.smt,0,0,3,0,0,0,0,0,0
0xd41f3b51e0c2d825a1178582d27c84dbfe48d1af.json.smt,0,0,5,0,0,0,0,0,0
0xd4da851e1ee6409689d16ba3e923e5a014732f7c.json.smt,0,0,1,0,1,0,0,1,0
0xd59a6b2dbec8bb0e2b84f4c1bfaaed72c1f19ff0.json.smt,0,0,6,6,0,0,6,0,0
0xd6362516C7D7934fA2dceC4Be8fd4FcA79e98bc5.json.smt,0,0,1,1,0,0,1,0,0
0xd6ec04c0f9587cb822c315f662954af8c2174d66.json.smt,0,0,1,1,0,0,1,0,0
0xd70994d7020df8052a1124561ff548f3b88744d8.json.smt,0,0,1,1,0,0,1,0,0
0xd79b4c6791784184e2755b2fc1659eaab0f80456.json.smt,0,0,4,0,0,4,0,4,0
0xd7bf41bbc8979b3821851b871f055f4ae62b2299.json.smt,0,0,2,0,0,0,0,0,0
0xd8d4E59fabb7D8A1D013D577689cB612A8e5F826.json.smt,0,0,8,0,0,0,8,0,0
0xda7fa6e0b04c76683f54c973931862d7fe474a85.json.smt,0,0,1,0,0,0,0,0,0
0xdb6d68e1d8c3f69d32e2d83065492e502b4c67ba.json.smt,0,0,3,3,0,0,0,0,0
0xdc84953d7c6448e498eb3c33ab0f815da5d13999.json.smt,0,0,4,0,4,0,0,4,0
0xdcb13fa157eebf22ddc8c9aa1d6e394810de6fa3.json.smt,0,0,4,0,0,4,0,4,0
0xdcf14a9cba1d5ee6d4671c20c559373f331910ea.json.smt,0,0,3,0,0,0,3,0,0
0xde5ebd0b8879b0a42b23b37e4d76a5e21a0bef4b.json.smt,0,0,4,0,4,0,0,4,0
0xe0cfa488bb6442d39a4abf844d5876f209f03871.json.smt,0,0,7,0,0,7,0,0,7
0xe120100349a0b1BF826D2407E519D75C2Fe8f859.json.smt,0,0,3,0,3,0,0,3,0
0xe1388626C8dE5Fd7E5683A83d8da6a34153e9B18.json.smt,0,0,2,0,0,0,0,2,0
0xe1e8eabd8fcf08ed50ae1f2ed4710c1a1f38542c.json.smt,0,0,3,3,0,0,0,0,0
0xe2e4d0d3410cd3e81bfcb7dad364dd168bb499f3.json.smt,0,0,7,0,0,0,0,0,0
0xe3282094d332d26f7Dfca853899eC1736f0295ce.json.smt,0,0,10,2,0,0,2,0,0
0xe3B6638F0C1C0FA37282FAb6eF9457e457A1E9a8.json.smt,0,0,4,4,0,0,4,0,0
0xe3c61a3bff7cb03ddd422258006fddd5ba1ed0fe.json.smt,0,0,3,3,0,0,3,0,0
0xe4C1c33ed635263c61bF61dB751b8A74ee3AF0e4.json.smt,0,0,4,0,0,4,0,0,0
0xe5411ae9c24931e11dffecd84fa50fcf7f0df31b.json.smt,0,0,5,5,0,0,5,0,0
0xe5544a2a5fa9b175da60d8eec67add5582bb31b0.json.smt,0,0,1,0,1,0,0,1,0
0xe736091fc36f1ad476f5e4e03e4425940822d3ba.json.smt,0,0,4,4,0,0,4,0,0
0xe7c8635bc387994069f7b7f25b89534c67727a01.json.smt,0,0,6,6,0,0,6,0,0
0xe7f06e64e0d04c6cfedf7e9079d56d0fb7200a2e.json.smt,0,0,2,0,0,0,0,2,0
0xe7f4f5abba4a0ae18eaa31796876d137e19b93ad.json.smt,0,0,1,0,1,0,0,1,0
0xe8200511F3C276fA7300719f9B45301Bc471f4fB.json.smt,0,0,3,0,0,0,3,0,0
0xe82719202e5965cf5d9b6673b7503a3b92de20be.json.smt,0,0,5,0,0,0,0,5,0
0xe941e5d4a66123dc74886699544fbbb942f1887a.json.smt,0,0,2,0,2,0,0,2,0
0xe98e873ad9665690538cbdf4a4a21a3f286e9028.json.smt,0,0,6,6,0,0,6,0,0
0xeacba276ff97853102c3d540b663c08ec7fbe0ed.json.smt,0,0,4,0,0,0,0,4,0
0xeae6c55570afcec8fff6dfe866dd142369b87251.json.smt,0,0,6,6,0,0,6,0,0
0xeb17adcc8cf24d2d6813f50f647b613df01014a2.json.smt,0,0,6,0,0,6,0,0,6
0xeb3c1a7f816da958a0f8b9f4ef63a19b26d03739.json.smt,0,0,1,0,1,0,0,1,0
0xeb45e2f4949cca0d7ad4550106cb4fee09003644.json.smt,0,0,6,6,0,0,6,0,0
0xeb8986bde53ee86ec8eec367a2823904d35f23e9.json.smt,0,0,2,0,2,0,0,0,0
0xebfed9e4ae035b0f7ae982d1a7abfe0aa26a0341.json.smt,0,0,2,0,0,0,0,0,0
0xecae6888e3ea6a2a8dbf95500a1f74dd27c3b54e.json.smt,0,0,8,0,0,8,0,0,8
0xed6ac8de7c7ca7e3a22952e09c2a2a1232ddef9a.json.smt,0,0,2,0,0,0,0,0,0
0xee2157c15a43be80faac64801ed89c8d8e2c4d3a.json.smt,0,0,7,0,0,0,0,0,0
0xee462a6717f17c57c826f1ad9b4d3813495296c9.json.smt,0,0,5,0,0,5,0,0,0
0xf1101db4c9dd26bdace9bC7E30393F80c7b5e6C6.json.smt,0,0,1,0,1,0,0,1,0
0xf1aa63ad7a897ca02cab6021513ee0a86820153e.json.smt,0,0,2,0,0,2,0,2,0
0xf236d15aa8164626e3457cd38e69d7f46f95eeb9.json.smt,0,0,5,0,5,0,0,5,0
0xf243688304fa4f6c6efadc22b9c1dd009aa76650.json.smt,0,0,4,0,0,4,0,4,0
0xf2b8e10e7b230cc55040a7a90be75c933719c507.json.smt,0,0,3,0,0,3,0,0,3
0xf36b0F457999CbBB436EeB28DBb5944bfC3f99DE.json.smt,0,0,4,0,0,4,0,0,0
0xf3f2bbbbd5a1986944c6a4b9c8b37004e04dc8f6.json.smt,0,0,2,0,0,0,0,2,0
0xf45717552f12ef7cb65e95476f217ea008167ae3.json.smt,0,0,8,0,0,8,0,8,0
0xf4cae4aec9b4d7682f8cee4d9a273ba063e71366.json.smt,0,0,10,0,0,10,0,0,0
0xf504f3d488c7bb20a424943a6fc4ea2badcb9a18.json.smt,0,0,1,1,0,0,1,0,0
0xf53E7f01371C6fc0E1c821d3c3C8b30Be366BB6E.json.smt,0,0,3,0,0,0,0,0,0
0xf66ca56fc0cf7b5d9918349150026be80b327892.json.smt,0,0,4,0,0,4,0,0,4
0xf690f0ee16bb8f67c4f8a8d9e116f77cf3acf166.json.smt,0,0,1,0,1,0,0,1,0
0xf7070fc72e2b92c6309785a39338d7c919a3cf4a.json.smt,0,0,1,0,1,0,0,1,0
0xf70ce1be9685b0cfb531bc712d3faace858b5bfb.json.smt,0,0,3,0,0,3,0,3,0
0xf767fca8e65d03fe16d4e38810f5e5376c3372a8.json.smt,0,0,7,0,0,7,0,7,0
0xf77089f2F00fca83501705b711Cbb10a0De77628.json.smt,0,0,3,0,0,0,0,0,0
0xf7e9626dbaeb1a6c8b3d02379eb54b81f16e785f.json.smt,0,0,2,0,0,0,0,2,0
0xf884e0096f826f82d9999dc11becb836dbb7c1f7.json.smt,0,0,1,0,0,1,0,0,1
0xf9735dc96a98f68ac8fe6fccf1e7b9876ddb6b47.json.smt,0,0,3,3,0,0,3,0,0
0xf9e03d5e3d86277574cfd5f7e842f213cf88945f.json.smt,0,0,2,0,2,0,0,0,0
0xfD2487cc0e5dCe97F08BE1Bc8eF1DCE8D5988B4D.json.smt,0,0,3,0,0,3,0,3,0
0xfE3672Eff595CfD36eD05aaf4622d1Aec3B5E852.json.smt,0,0,2,0,0,2,0,2,0
0xfa7b9770ca4cb04296cac84f37736d4041251cdf.json.smt,0,0,5,0,0,0,0,5,0
0xfac50f760d114de38bf0a6d44f31a9c22f778db3.json.smt,0,0,2,2,0,0,2,0,0
0xfacf38157f43af121d38ab7b82552df3cec69ab9.json.smt,0,0,1,0,1,0,0,1,0
0xfba6ae30dfe97b20ad9ecccd5057ab3e5a1c41fa.json.smt,0,0,3,0,0,0,0,3,0
0xfcaf204852781b57c23023aa28f21437f7303505.json.smt,0,0,3,0,0,0,0,0,0
0xfd2dfa00ba5941958eaec567e59b42c2aa9dbf70.json.smt,0,0,10,0,0,0,0,0,0
0xfd39bd49ab3df4eda75a23807dab186d4902f924.json.smt,0,0,2,0,2,0,0,0,0
0xfd981838c1cc9b534b938c56b1c2123bdc700a32.json.smt,0,0,4,0,0,0,0,0,0
0xfe9c69945687539fabbf531133838d9cce522a76.json.smt,0,0,4,0,0,4,0,4,0
0xfeeb8a968f0d7fd58e29fbfc525051f50ee2fedc.json.smt,0,0,4,0,0,0,4,0,0
0xff3216f86a723f2c23b03b5cd1f622eb1a204159.json.smt,0,0,1,1,0,0,1,0,0
0xff821e51150dea3ca4d201d0df4e568dc9e03239.json.smt,0,0,1,0,1,0,0,1,0
0xff95FBB77852C846724CE4Fa140Ca25f31A90bb0.json.smt,0,0,3,3,0,0,3,0,0
